Designator,Mid X,Mid Y,Rotation,Layer
A1,172.365,-93.665,90.0,top
C1,166.075,-90.45,180.0,top
C10,125.35,-82.25,90.0,top
C11,117.85,-81.8,0.0,top
C12,110.75,-82.0,180.0,top
C13,167.9675,-88.0,180.0,top
C14,103.4825,-77.275,180.0,top
C15,164.05,-88.075,0.0,top
C16,134.1,-94.35,0.0,top
C17,132.875,-87.775,180.0,top
C18,134.825,-84.3,270.0,top
C19,131.375,-84.3,270.0,top
C2,162.7825,-90.925,180.0,top
C20,148.75,-96.45,0.0,top
C21,148.675,-99.375,180.0,top
C22,128.46625,-91.3175,90.0,top
C23,146.6,-80.475,0.0,top
C24,146.05,-89.6,270.0,top
C25,149.05,-81.5,0.0,top
C26,134.3,-80.245,180.0,top
C27,114.825,-95.475,180.0,top
C28,114.825,-96.975,150.0,top
C29,103.575,-92.775,90.0,top
C3,155.55,-91.4,90.0,top
C30,116.425,-111.775,90.0,top
C31,113.775,-111.785,90.0,top
C32,111.125,-111.775,90.0,top
C33,111.5,-90.1,0.0,top
C34,111.5,-86.6,0.0,top
C35,111.49,-91.97,180.0,top
C36,107.825,-95.275,0.0,top
C37,163.25,-116.125,135.0,top
C38,161.85,-122.45,270.0,top
C39,165.474904,-111.74038,315.0,top
C4,154.45,-91.4,90.0,top
C40,163.505612,-109.749875,315.0,top
C41,161.550462,-107.745227,315.0,top
C42,120.66,-99.47,270.0,top
C43,126.05,-100.1,270.0,top
C44,160.075,-120.025,180.0,top
C45,175.2475,-123.075,90.0,top
C46,174.2975,-119.8425,270.0,top
C47,187.168763,-111.325,180.0,top
C48,183.936263,-112.275,0.0,top
C49,110.9825,-135.35,0.0,top
C5,161.15,-89.8,180.0,top
C50,102.495,-133.73,180.0,top
C51,111.58,-139.10875,0.0,top
C52,102.5,-123.725,180.0,top
C53,111.4425,-129.55,0.0,top
C54,102.275,-119.775,180.0,top
C55,111.4425,-119.55,0.0,top
C56,154.15,-74.75,0.0,top
C57,147.0825,-75.8,180.0,top
C58,125.867142,-75.925,180.0,top
C59,110.55,-122.2,0.0,top
C6,160.925,-87.275,270.0,top
C7,184.425,-76.975,270.0,top
C8,171.1,-87.85,180.0,top
C9,118.0,-84.3,270.0,top
CN1,121.35,-112.45,90.0,top
CN2,128.2,-112.3,270.0,top
CN3,136.2,-112.3,270.0,top
CN4,144.2,-112.3,270.0,top
CN5,152.2,-112.3,270.0,top
D1,170.975,-86.875,0.0,top
D2,118.05,-80.3,90.0,top
D3,110.29,-84.05,180.0,top
D4,111.35,-83.2,0.0,bottom
D5,168.175,-86.85,0.0,top
D6,163.9,-86.9,180.0,top
F1,144.4,-84.685,90.0,top
FPC1,153.925,-121.4275,0.0,top
FPC2,164.2775,-130.395,0.0,top
FPC3,174.62,-130.415,0.0,top
FPC4,194.488763,-122.295,90.0,top
FPC5,194.525,-93.675,90.0,top
FPC6,194.508763,-111.9525,90.0,top
H1,103.5,-74.1,0.0,top
H2,166.25,-76.45,0.0,top
H3,118.8,-125.8,0.0,top
H4,183.8,-130.15,0.0,top
JP1,148.8,-90.2,180.0,top
JP2,148.8,-87.65,180.0,top
JP3,137.9,-83.95,0.0,top
JP4,137.9,-86.5,0.0,top
JP5,157.075,-100.25,90.0,bottom
JP6,155.825,-110.625,0.0,bottom
JP7,138.625,-104.025,270.0,top
JP8,141.275,-104.025,270.0,top
JP9,155.8,-110.55,270.0,top
L1,140.325,-95.425,270.0,top
L2,111.675,-103.275,270.0,top
LED1,102.77,-136.78,270.0,top
LED2,102.775,-126.775,270.0,top
LED3,102.775,-116.775,270.0,top
LED4,148.992142,-74.425,180.0,top
LED5,125.992142,-74.425,180.0,top
Q1,189.8,-125.75,180.0,top
Q2,119.85,-83.825,90.0,top
Q3,121.125,-83.8,90.0,top
R1,184.2,-95.6,180.0,top
R10,111.125,-81.875,0.0,bottom
R11,114.425,-81.8,0.0,bottom
R12,153.175,-91.8,270.0,top
R13,114.425,-83.7,180.0,bottom
R14,114.425,-82.75,0.0,bottom
R15,118.7,-83.725,180.0,bottom
R16,165.8975,-81.6,0.0,top
R17,118.935,-83.925,270.0,top
R18,129.375,-75.3725,90.0,top
R19,119.435,-85.425,0.0,top
R2,187.25,-126.1525,90.0,top
R20,102.05,-85.075,90.0,top
R21,121.335,-85.425,0.0,top
R22,130.575,-75.3725,90.0,top
R23,181.25,-87.65,90.0,top
R24,120.07,-81.63,90.0,top
R25,183.8,-87.65,90.0,top
R26,121.37,-81.63,90.0,top
R27,129.71625,-91.315,90.0,top
R28,129.375,-78.95,270.0,top
R29,149.05,-94.85,0.0,top
R3,154.8,-98.825,90.0,top
R30,130.55,-78.95,270.0,top
R31,129.71625,-88.8175,90.0,top
R32,150.8,-95.4975,270.0,top
R33,146.6425,-81.5,0.0,top
R34,152.4,-97.2,90.0,top
R35,104.725,-92.775,270.0,top
R36,106.625,-92.175,180.0,top
R37,116.225,-93.675,270.0,top
R38,124.325,-101.125,0.0,top
R39,159.15,-117.85,0.0,top
R4,153.475,-98.825,90.0,top
R40,121.825,-101.125,0.0,top
R41,186.125,-108.3975,90.0,top
R42,114.005,-138.03375,180.0,top
R43,113.8675,-128.475,180.0,top
R44,113.8675,-118.475,180.0,top
R45,108.17,-132.93,180.0,top
R46,111.53,-138.03375,0.0,top
R47,111.3925,-128.475,0.0,top
R48,111.3925,-118.475,0.0,top
R49,152.1,-73.85,270.0,top
R5,165.0,-100.275,180.0,top
R6,171.125,-99.4225,270.0,top
R7,173.625,-99.425,270.0,top
R8,188.875,-99.425,270.0,top
R9,193.325,-86.925,180.0,top
RN1,158.55,-113.8,135.0,top
RN2,167.475,-123.175,0.0,top
RN3,171.625,-123.175,0.0,top
RN4,187.268763,-119.0975,90.0,top
RN5,187.268763,-114.9475,90.0,top
SW1,159.65,-73.4,0.0,top
SW2,108.245,-136.78,90.0,top
SW3,108.25,-126.775,90.0,top
SW4,108.25,-116.775,90.0,top
TH1,117.7,-81.872496,315.0,bottom
TP1,175.25,-121.95,0.0,bottom
TP2,175.25,-124.65,0.0,bottom
TP3,171.1,-81.1,0.0,top
TP4,168.6,-81.1,0.0,top
TP5,163.475,-81.1,0.0,top
TP6,142.025,-87.25,0.0,top
TP7,144.4,-102.45,0.0,top
TP8,144.375,-73.25,0.0,top
U1,158.1225,-90.05,180.0,top
U10,150.0075,-78.1575,90.0,top
U11,145.875,-78.125,0.0,top
U12,132.54119,-90.337564,0.0,top
U13,148.15,-92.91,90.0,top
U14,140.875,-83.875,90.0,top
U15,111.625,-94.675,270.0,top
U16,164.88447,-114.204648,45.0,top
U17,162.893965,-112.2,45.0,top
U18,160.906995,-110.191817,45.0,top
U19,123.375,-96.525,90.0,top
U2,188.7,-130.25,90.0,top
U20,158.91997,-108.212501,45.0,top
U21,162.2,-118.5,0.0,top
U22,170.1975,-117.525,180.0,top
U23,181.618763,-116.375,270.0,top
U24,111.4375,-133.6,0.0,top
U25,154.5,-73.015,0.0,top
U3,160.0375,-95.75,270.0,top
U4,177.675,-79.9675,180.0,top
U5,191.175,-78.175,180.0,top
U6,114.504987,-82.725,0.0,top
U7,105.55,-84.455,0.0,top
U8,104.075,-80.325,270.0,top
U9,107.625,-78.675,90.0,top
USBC1,114.492142,-75.472456,180.0,top
USBC2,137.492142,-75.475,180.0,top
